kind,id,type,deirdre,fiona,gerki,zot,quantity,status,correction
mechanic,gambling_start_or_control,GAMBLING,6,6,6,6,24,VERIFIED_CURRENT_OR_LATER_OFFICIAL_BEHAVIOR_PLUS_EXACT_MATRIX_QUANTITY,
mechanic,gambling_raise_one,GAMBLING,2,2,2,2,8,VERIFIED_CURRENT_OR_LATER_OFFICIAL_BEHAVIOR_PLUS_EXACT_MATRIX_QUANTITY,
mechanic,gambling_winning_hand,GAMBLING,2,2,2,2,8,VERIFIED_CURRENT_OR_LATER_OFFICIAL_BEHAVIOR_PLUS_EXACT_MATRIX_QUANTITY,
mechanic,cheat_take_control,CHEATING,0,0,3,3,6,MATCHES_FRESH_EXACT_MATRIX_AND_CURRENT_OFFICIAL_GENERIC_RULES,
mechanic,cheat_control_and_eject,CHEATING,0,0,1,1,2,MATCHES_FRESH_EXACT_MATRIX_AND_CURRENT_OFFICIAL_GENERIC_RULES,
mechanic,anti_cheat_win_round,SOMETIMES,1,1,0,0,2,MATCHES_FRESH_EXACT_MATRIX_AND_CURRENT_OFFICIAL_GENERIC_RULES,
mechanic,dump_gambling_pot_to_inn,SOMETIMES,1,1,1,1,4,VERIFIED_CURRENT_OR_LATER_OFFICIAL_BEHAVIOR_PLUS_EXACT_MATRIX_QUANTITY,
mechanic,steal_winners_pot,SOMETIMES,0,0,1,0,1,VERIFIED_CURRENT_OR_LATER_OFFICIAL_BEHAVIOR_PLUS_EXACT_MATRIX_QUANTITY,
mechanic,substitute_one_gold_from_inn,SOMETIMES,2,2,2,1,7,MATCHES_MATRIX_BUT_PRIMARY_EXACT_SCOPE_NOT_FULLY_VERIFIED,
mechanic,take_one_from_pot,SOMETIMES,0,0,1,0,1,VERIFIED_CURRENT_OR_LATER_OFFICIAL_BEHAVIOR_PLUS_EXACT_MATRIX_QUANTITY,
mechanic,avoid_ante_leave,SOMETIMES,2,2,0,0,4,MATCHES_FRESH_EXACT_MATRIX_AND_CURRENT_OFFICIAL_GENERIC_RULES,
mechanic,avoid_ante_leave_or_ignore_drink,SOMETIMES,1,0,0,2,3,MATCHES_FRESH_EXACT_MATRIX_AND_CURRENT_OFFICIAL_GENERIC_RULES,
mechanic,avoid_ante_leave_or_ignore_drink_pay_one,SOMETIMES,0,0,0,1,1,MATCHES_FRESH_EXACT_MATRIX_AND_CURRENT_OFFICIAL_GENERIC_RULES,
mechanic,ignore_card_all_stats_or_drink,SOMETIMES,0,0,1,0,1,MATCHES_FRESH_EXACT_MATRIX_AND_CURRENT_OFFICIAL_GENERIC_RULES,
mechanic,ignore_card_all_stats,SOMETIMES,0,0,0,1,1,VERIFIED_CURRENT_OR_LATER_OFFICIAL_BEHAVIOR_PLUS_EXACT_MATRIX_QUANTITY,
mechanic,ignore_action_sometimes_fort_alcohol,SOMETIMES,1,0,1,0,2,MATCHES_FRESH_EXACT_MATRIX_AND_CURRENT_OFFICIAL_GENERIC_RULES,
mechanic,ignore_action_sometimes_fort_loss,SOMETIMES,2,2,0,1,5,MATCHES_FRESH_EXACT_MATRIX_AND_CURRENT_OFFICIAL_GENERIC_RULES,
mechanic,negate_sometimes_counter,SOMETIMES,1,1,1,1,4,VERIFIED_CURRENT_OR_LATER_OFFICIAL_BEHAVIOR_PLUS_EXACT_MATRIX_QUANTITY,
mechanic,ignore_drink,SOMETIMES,0,2,3,1,6,MATCHES_FRESH_EXACT_MATRIX_AND_CURRENT_OFFICIAL_GENERIC_RULES,
mechanic,order_two_extra_drinks,SOMETIMES,2,2,2,2,8,MATCHES_FRESH_EXACT_MATRIX_AND_CURRENT_OFFICIAL_GENERIC_RULES,
mechanic,all_players_drink_now,ACTION,1,0,0,0,1,MUST_FIX,"{""problem"": ""Current source uses each player's Drink Me! pile."", ""required"": ""This RDI1 action makes each player drink from the central Drink Deck, not their Drink Me! pile."", ""implementation"": ""Inspect current generic Drink operation and make the source explicit. Do not add a card-name check.""}"
mechanic,force_extra_drink_on_reveal,SOMETIMES,0,1,0,0,1,MUST_FIX,"{""problem"": ""Source trigger is AFTER_REVEAL_BEFORE_RESOLVE."", ""required"": ""No response to a Drink is allowed until all Chasers are revealed. This trigger must obey AFTER_CHASERS_BEFORE_RESOLVE (or an equivalent global authoritative chaser gate)."", ""implementation"": ""Prefer encoding the timing explicitly in source while also retaining the global chaser invariant.""}"
mechanic,force_other_player_drink_now,ACTION,0,1,0,1,2,MATCHES_FRESH_EXACT_MATRIX_AND_CURRENT_OFFICIAL_GENERIC_RULES,
mechanic,pass_own_drink,SOMETIMES,1,0,0,1,2,VERIFIED_CURRENT_OR_LATER_OFFICIAL_BEHAVIOR_PLUS_EXACT_MATRIX_QUANTITY,
mechanic,split_own_drink,SOMETIMES,0,1,0,0,1,VERIFIED_CURRENT_OR_LATER_OFFICIAL_BEHAVIOR_PLUS_EXACT_MATRIX_QUANTITY,
mechanic,alcohol_to_fortitude,SOMETIMES,0,1,0,0,1,VERIFIED_CURRENT_OR_LATER_OFFICIAL_BEHAVIOR_PLUS_EXACT_MATRIX_QUANTITY,
mechanic,add_two_alcohol_to_drink,SOMETIMES,2,0,2,0,4,VERIFIED_CURRENT_OR_LATER_OFFICIAL_BEHAVIOR_PLUS_EXACT_MATRIX_QUANTITY,
mechanic,reduce_drink_alcohol_two,SOMETIMES,1,0,0,0,1,MATCHES_FRESH_EXACT_MATRIX_AND_CURRENT_OFFICIAL_GENERIC_RULES,
mechanic,negate_drink_change_card,SOMETIMES,1,1,1,1,4,MUST_FIX,"{""problem"": ""Source trigger only requires CHANGES_DRINK_EFFECT and does not explicitly require the source to be a Sometimes card; source metadata also does not fully encode the card's own protection."", ""required"": ""It Negates a SOMETIMES card that changes a Drink's effects. It cannot Negate another copy. The counter itself can only be affected by the protected 'I don't think so!' family."", ""implementation"": ""Add structured source-card-type restriction and protected-counter metadata; keep existing exclusions for order/force/direct-Alcohol/Drink-Event cases.""}"
mechanic,damage_one,ACTION,1,3,0,1,5,MATCHES_FRESH_EXACT_MATRIX_AND_CURRENT_OFFICIAL_GENERIC_RULES,
mechanic,damage_two,ACTION,4,3,4,5,16,MATCHES_FRESH_EXACT_MATRIX_AND_CURRENT_OFFICIAL_GENERIC_RULES,
mechanic,damage_three,ACTION,0,1,2,0,3,MATCHES_FRESH_EXACT_MATRIX_AND_CURRENT_OFFICIAL_GENERIC_RULES,
mechanic,damage_all_others_one,ACTION,0,0,0,2,2,MATCHES_FRESH_EXACT_MATRIX_AND_CURRENT_OFFICIAL_GENERIC_RULES,
mechanic,hit_back_two_after_loss,SOMETIMES,1,2,0,1,4,VERIFIED_CURRENT_OR_LATER_OFFICIAL_BEHAVIOR_PLUS_EXACT_MATRIX_QUANTITY,
mechanic,gain_two_fortitude,ANYTIME,2,1,0,0,3,MATCHES_FRESH_EXACT_MATRIX_AND_CURRENT_OFFICIAL_GENERIC_RULES,
mechanic,heal_other_charge_gold,ACTION,1,0,0,0,1,VERIFIED_CURRENT_OR_LATER_OFFICIAL_BEHAVIOR_PLUS_EXACT_MATRIX_QUANTITY,
mechanic,heal_all_and_collect,ACTION,1,0,0,0,1,MATCHES_FRESH_EXACT_MATRIX_AND_CURRENT_OFFICIAL_GENERIC_RULES,
mechanic,collect_one_from_each_other,ACTION,0,1,1,1,3,MATCHES_FRESH_EXACT_MATRIX_AND_CURRENT_OFFICIAL_GENERIC_RULES,
mechanic,take_one_gold,ANYTIME,0,0,2,1,3,MATCHES_FRESH_EXACT_MATRIX_AND_CURRENT_OFFICIAL_GENERIC_RULES,
mechanic,tip_wench,ANYTIME,1,1,1,1,4,VERIFIED_CURRENT_OR_LATER_OFFICIAL_BEHAVIOR_PLUS_EXACT_MATRIX_QUANTITY,
drink,light_ale,DRINK,,,,,3,MATCHES_FRESH_DRINK_TABLE_AND_BGG_COMPOSITION,
drink,light_ale_chaser,DRINK,,,,,2,MATCHES_FRESH_DRINK_TABLE_AND_BGG_COMPOSITION,
drink,dark_ale,DRINK,,,,,3,MATCHES_FRESH_DRINK_TABLE_AND_BGG_COMPOSITION,
drink,dark_ale_chaser,DRINK,,,,,1,MATCHES_FRESH_DRINK_TABLE_AND_BGG_COMPOSITION,
drink,dirty_dishwater,DRINK,,,,,1,MATCHES_FRESH_DRINK_TABLE_AND_BGG_COMPOSITION,
drink,wine,DRINK,,,,,3,MATCHES_FRESH_DRINK_TABLE_AND_BGG_COMPOSITION,
drink,wine_chaser,DRINK,,,,,1,MATCHES_FRESH_DRINK_TABLE_AND_BGG_COMPOSITION,
drink,troll_swill,DRINK,,,,,1,MATCHES_FRESH_DRINK_TABLE_AND_BGG_COMPOSITION,
drink,orcish_rotgut,DRINK,,,,,1,MATCHES_FRESH_DRINK_TABLE_AND_BGG_COMPOSITION,
drink,elven_wine,DRINK,,,,,2,MATCHES_FRESH_DRINK_TABLE_AND_BGG_COMPOSITION,
drink,elven_wine_chaser,DRINK,,,,,1,MATCHES_FRESH_DRINK_TABLE_AND_BGG_COMPOSITION,
drink,dragon_breath,DRINK,,,,,3,MATCHES_FRESH_DRINK_TABLE_AND_BGG_COMPOSITION,
drink,water,DRINK,,,,,1,MATCHES_FRESH_DRINK_TABLE_AND_BGG_COMPOSITION,
drink,wizards_brew,DRINK,,,,,1,MATCHES_FRESH_DRINK_TABLE_AND_BGG_COMPOSITION,
drink,cutting_off,DRINK,,,,,1,MATCHES_FRESH_DRINK_TABLE_AND_BGG_COMPOSITION,
drink,holy_water,DRINK,,,,,1,MATCHES_FRESH_DRINK_TABLE_AND_BGG_COMPOSITION,
drink,drinking_contest,DRINK_EVENT,,,,,2,MUST_FIX,"{""problem"": ""Current summary says Drink Events revealed for the contest count as 0 and then resolve according to normal event rules."", ""required"": ""Current Fifteenth Edition says a Drink Event revealed for Drinking Contest has NO EFFECT and counts as a 0-Alcohol Drink."", ""additionalOfficialRules"": [""Pass/split/ignore does not change contest score."", ""Extra Drinks taken during the contest do not affect contest score."", ""A negative total Alcohol score counts as 0 for contest scoring while the actual Drink effect still resolves normally."", ""Tied highest players repeat until a clear winner or the official pass-out end cases occur.""], ""implementation"": ""Update player-facing summary and verify the DRINKING_CONTEST handler/tests implement all current official cases.""}"
drink,round_on_house,DRINK_EVENT,,,,,2,VERIFIED_CURRENT_OFFICIAL,
