module,rule_key,summary,source_name,source_url
core,win_condition,Stay in the game by keeping Gold above 0 and Alcohol Content below Fortitude; last remaining player wins.,RDI 1 official rules,https://slugfestgames.com/wp-content/uploads/2021/10/RDI1-15thEd.pdf
core,starting_stats,Start at Fortitude 20 and Alcohol Content 0.,RDI 1 official rules,https://slugfestgames.com/wp-content/uploads/2021/10/RDI1-15thEd.pdf
core,starting_gold,Normally 10 Gold; 2-player games use 8; games with 7+ players use 12.,RDI 1 official rules,https://slugfestgames.com/wp-content/uploads/2021/10/RDI1-15thEd.pdf
core,starting_hand,Shuffle character deck and draw 7 cards.,RDI 1 official rules,https://slugfestgames.com/wp-content/uploads/2021/10/RDI1-15thEd.pdf
core,starting_drink,Each player begins with 1 face-down card in their Drink Me! pile.,RDI 1 official rules,https://slugfestgames.com/wp-content/uploads/2021/10/RDI1-15thEd.pdf
turn,phase_order,Turn order is Discard & Draw → Action → Order a Drink → Drink.,RDI 1 official rules,https://slugfestgames.com/wp-content/uploads/2021/10/RDI1-15thEd.pdf
turn,discard_draw,"You may discard unwanted cards, then draw until you hold 7. If already at 7+, you may keep them and draw none.",RDI 1 official rules,https://slugfestgames.com/wp-content/uploads/2021/10/RDI1-15thEd.pdf
turn,action,You may play one Action card. Gambling-starting Action cards suspend normal play for a gambling round.,RDI 1 official rules,https://slugfestgames.com/wp-content/uploads/2021/10/RDI1-15thEd.pdf
turn,order_drink,Place the top Drink Deck card face down on another player's Drink Me! pile.,RDI 1 official rules,https://slugfestgames.com/wp-content/uploads/2021/10/RDI1-15thEd.pdf
turn,drink,"Reveal the top card of your Drink Me! pile and resolve it. If the pile is empty, reduce Alcohol Content by 1 instead.",RDI 1 official rules,https://slugfestgames.com/wp-content/uploads/2021/10/RDI1-15thEd.pdf
cards,sometimes,Sometimes cards are reactions usable only when their printed condition is met; multiple reactions may be played sequentially.,RDI 1 official rules,https://slugfestgames.com/wp-content/uploads/2021/10/RDI1-15thEd.pdf
cards,anytime,"Anytime cards may be played at any time, including to interrupt another action, subject to timing rules.",RDI 1 official rules,https://slugfestgames.com/wp-content/uploads/2021/10/RDI1-15thEd.pdf
cards,negate_ignore,Negate cancels a card/effect according to the applicable response rules; Ignore protects the affected player/effect target rather than necessarily canceling the source for everyone. Model these as separate engine operations.,RDI 1 official rules + combined rules,https://slugfestgames.com/rdi-rules/
elimination,out_of_gold,A player with 0 Gold is eliminated after currently resolving effects and final response opportunities are completed.,RDI 1 official rules,https://slugfestgames.com/wp-content/uploads/2021/10/RDI1-15thEd.pdf
elimination,pass_out,"A player passes out when Alcohol Content is greater than or equal to Fortitude. Their Gold is split: half rounded up to the Inn, remainder evenly among surviving players, remainder to Inn.",RDI 1 official rules,https://slugfestgames.com/wp-content/uploads/2021/10/RDI1-15thEd.pdf
elimination,simultaneous_loss,"Resolve pass-outs and Gold redistribution before checking other zero-Gold eliminations; if all remaining players lose simultaneously, they tie.",RDI 1 official rules,https://slugfestgames.com/wp-content/uploads/2021/10/RDI1-15thEd.pdf
gambling,start,A Gambling-starting Action begins a round; participating players ante 1 Gold and the initiator begins in control.,RDI 1 official rules,https://slugfestgames.com/wp-content/uploads/2021/10/RDI1-15thEd.pdf
gambling,turns,Players proceed clockwise; on their gambling turn they may play a Gambling/Cheating card or pass.,RDI 1 official rules,https://slugfestgames.com/wp-content/uploads/2021/10/RDI1-15thEd.pdf
gambling,control,Playing a Gambling or Cheating card normally gives control of the round; Winning Hand requires a Cheating card to take control from it.,RDI 1 official rules,https://slugfestgames.com/wp-content/uploads/2021/10/RDI1-15thEd.pdf
gambling,end,"When everyone except the controller passes, the controller wins the pot. Explicit 'win the round' effects end it immediately.",RDI 1 official rules,https://slugfestgames.com/wp-content/uploads/2021/10/RDI1-15thEd.pdf
gambling,leave_round,A player who leaves cannot play further Gambling/Cheating cards that round but may still use Sometimes/Anytime cards; their existing ante stays in the pot.,RDI 1 official rules,https://slugfestgames.com/wp-content/uploads/2021/10/RDI1-15thEd.pdf
drinks,deck_exhaustion,"When the Drink Deck runs out, each player pays 1 Gold to the Inn, then the discard pile is shuffled into a new Drink Deck.",RDI 1 official rules,https://slugfestgames.com/wp-content/uploads/2021/10/RDI1-15thEd.pdf
drinks,drink_events,Drink Event cards resolve their event instructions and are not affected by ordinary Drink modifiers unless specifically allowed.,RDI 1 official rules,https://slugfestgames.com/wp-content/uploads/2021/10/RDI1-15thEd.pdf
drinks,chasers,A Drink with a Chaser reveals another card from the same source; Drink chasers combine into a single Drink. Drink Events revealed as chasers are discarded without their event effect.,RDI 1 official rules,https://slugfestgames.com/wp-content/uploads/2021/10/RDI1-15thEd.pdf
limits,attributes,Fortitude and Alcohol Content are bounded 0–20; Gold cannot go below 0 and has no fixed maximum.,RDI 1 official rules,https://slugfestgames.com/wp-content/uploads/2021/10/RDI1-15thEd.pdf
variant,sea_events,RDI 4 adds the Sea Event Deck variant.,Combined Rules / RDI 4,https://slugfestgames.com/rdi-rules/
variant,dungeon_events,RDI 6 adds Dungeon Events.,Combined Rules / RDI 6,https://slugfestgames.com/rdi-rules/
variant,team_games,RDI 6 includes team variants such as Two-Headed Dragon and Leaders & Lackeys.,RDI 6 official product/rules,https://slugfestgames.com/rdi-products/rdi6/
variant,boss_battle,RDI 6 introduces many-vs-one Boss Battle; some villain characters have Boss decks.,RDI 6 official product/rules,https://slugfestgames.com/rdi-products/rdi6/
variant,prize_variant,Prize cards are an optional variant supported in later sets.,Official rules index,https://slugfestgames.com/rdi-rules/
variant,pub_crawl,"RDI 8 introduces Pub Crawl. Taverns have their own effects/drinks, and Chasers can move the party to a new tavern.",RDI 8 official product/rules,https://slugfestgames.com/rdi-products/rdi8/
variant,otto,"Spyke & Flower introduces Otto, an automated third player for two-player games; later products add more Otto factions.",Spyke & Flower / Smorgasbox,https://slugfestgames.com/rdi-products/spyke-and-flower/
variant,gm_events,Adventure is Nigh! Extras Pack includes the GM Event Deck variant.,Official rules index,https://slugfestgames.com/rdi-rules/
variant,dungeon_training,"RDI 10 adds Dungeon Training using dungeon maps, reference cards, Armory loot and a Trick deck.",RDI 10 official product/rules,https://slugfestgames.com/rdi-products/the-red-dragon-inn-10/
variant,boss_otto,"RDI 10 adds Boss Otto for 1–4 players, including cooperative and solo play.",RDI 10 official product/rules,https://slugfestgames.com/rdi-products/the-red-dragon-inn-10/
variant,gambling_im_in,Gambling? I'm In! is a separate collection of gambling subgames that can be played standalone or integrated into RDI.,Official rules index,https://slugfestgames.com/rdi-rules/
reference,combined_rules,"Community-maintained Combined Rules v2.7, updated for RDI 10 and Baelfire, consolidates the major variants and card-specific notes with permission.",BoardGameGeek,https://boardgamegeek.com/filepage/175635/red-dragon-inn-combined-rules-as-of-rdi-10
reference,character_compendium,Character Compendium v1.8 covers all 76 released characters' character-specific rules with permission.,BoardGameGeek,https://boardgamegeek.com/filepage/228891/the-red-dragon-inn-character-compendium
