character,product,category,main_deck_cards,special_components_or_side_decks,card_level_status,source_url
Deirdre the Priestess,The Red Dragon Inn,Main set,40,,Character/deck inventory verified; full per-card text not reproduced,https://slugfestgames.com/rdi-products/rdi-1/
Fiona the Volatile,The Red Dragon Inn,Main set,40,,Character/deck inventory verified; full per-card text not reproduced,https://slugfestgames.com/rdi-products/rdi-1/
Gerki the Sneak,The Red Dragon Inn,Main set,40,,Character/deck inventory verified; full per-card text not reproduced,https://slugfestgames.com/rdi-products/rdi-1/
Zot the Wizard and Pooky,The Red Dragon Inn,Main set,40,,Character/deck inventory verified; full per-card text not reproduced,https://slugfestgames.com/rdi-products/rdi-1/
Dimli the Dwarf,The Red Dragon Inn 2,Main set,40,,Character/deck inventory verified; full per-card text not reproduced,https://slugfestgames.com/rdi-products/rdi-2/
Eve the Illusionist,The Red Dragon Inn 2,Main set,40,,Character/deck inventory verified; full per-card text not reproduced,https://slugfestgames.com/rdi-products/rdi-2/
Fleck the Bard,The Red Dragon Inn 2,Main set,40,,Character/deck inventory verified; full per-card text not reproduced,https://slugfestgames.com/rdi-products/rdi-2/
Gog the Half-Ogre,The Red Dragon Inn 2,Main set,40,,Character/deck inventory verified; full per-card text not reproduced,https://slugfestgames.com/rdi-products/rdi-2/
Kaylin the Renegade,The Red Dragon Inn 3,Main set,40,12-card Wulfric deck,Character/deck inventory verified; full per-card text not reproduced,https://slugfestgames.com/rdi-products/rdi-3/
Brewmaster Phrenk,The Red Dragon Inn 3,Main set,40,18-card Potion deck,Character/deck inventory verified; full per-card text not reproduced,https://slugfestgames.com/rdi-products/rdi-3/
Serena the Pious,The Red Dragon Inn 3,Main set,40,Piety chart + marker,Character/deck inventory verified; full per-card text not reproduced,https://slugfestgames.com/rdi-products/rdi-3/
Wizgille the Tinkerer,The Red Dragon Inn 3,Main set,40,18-card Gear deck,Character/deck inventory verified; full per-card text not reproduced,https://slugfestgames.com/rdi-products/rdi-3/
Bryn the Boatswain,The Red Dragon Inn 4,Main set,40,,Character/deck inventory verified; full per-card text not reproduced,https://slugfestgames.com/rdi-products/rdi-4/
First Mate Remy,The Red Dragon Inn 4,Main set,40,12 Mark tokens; set also includes Sea Event deck,Character/deck inventory verified; full per-card text not reproduced,https://slugfestgames.com/rdi-products/rdi-4/
Tara the Navigator,The Red Dragon Inn 4,Main set,40,,Character/deck inventory verified; full per-card text not reproduced,https://slugfestgames.com/rdi-products/rdi-4/
Captain Whitehawk,The Red Dragon Inn 4,Main set,40,,Character/deck inventory verified; full per-card text not reproduced,https://slugfestgames.com/rdi-products/rdi-4/
Joran the Trickster,The Red Dragon Inn 5: The Character Trove,Main set,40,,Character/deck inventory verified; full per-card text not reproduced,https://slugfestgames.com/rdi-products/rdi5/
Lizwick the Collector,The Red Dragon Inn 5: The Character Trove,Main set,40,Item deck,Character/deck inventory verified; full per-card text not reproduced,https://slugfestgames.com/rdi-products/rdi5/
Sera the Fleetfooted,The Red Dragon Inn 5: The Character Trove,Main set,40,,Character/deck inventory verified; full per-card text not reproduced,https://slugfestgames.com/rdi-products/rdi5/
Zakhan the Drunken Master,The Red Dragon Inn 5: The Character Trove,Main set,40,Drunken Chi token,Character/deck inventory verified; full per-card text not reproduced,https://slugfestgames.com/rdi-products/rdi5/
Amundyr the Cursed,The Red Dragon Inn 6: Villains,Main set,40,15-card Boss deck + Scarab tokens,Character/deck inventory verified; full per-card text not reproduced,https://slugfestgames.com/rdi-products/rdi6/
Daareka the Mindbreaker,The Red Dragon Inn 6: Villains,Main set,40,15-card Boss deck,Character/deck inventory verified; full per-card text not reproduced,https://slugfestgames.com/rdi-products/rdi6/
"Torglesnarf Duncleton, First of His Name",The Red Dragon Inn 6: Villains,Main set,40,15-card Boss deck + extra Gold tokens,Character/deck inventory verified; full per-card text not reproduced,https://slugfestgames.com/rdi-products/rdi6/
Baron von Vlazlo,The Red Dragon Inn 6: Villains,Main set,30,5-card Boss deck + 8-card Bat deck + 8-card Wolf deck + 8-card Monstrosity deck + Blood tokens,Character/deck inventory verified; full per-card text not reproduced,https://slugfestgames.com/rdi-products/rdi6/
Jasper the Bouncer,The Red Dragon Inn 7: The Tavern Crew,Main set,40,,Character/deck inventory verified; full per-card text not reproduced,https://slugfestgames.com/rdi-products/the-red-dragon-inn-7-the-tavern-crew/
Molly the Stablehand,The Red Dragon Inn 7: The Tavern Crew,Main set,40,Stable deck,Character/deck inventory verified; full per-card text not reproduced,https://slugfestgames.com/rdi-products/the-red-dragon-inn-7-the-tavern-crew/
Warthorn Redbeard,The Red Dragon Inn 7: The Tavern Crew,Main set,40,Story deck,Character/deck inventory verified; full per-card text not reproduced,https://slugfestgames.com/rdi-products/the-red-dragon-inn-7-the-tavern-crew/
The Wench,The Red Dragon Inn 7: The Tavern Crew,Main set,40,Special Reserve deck,Character/deck inventory verified; full per-card text not reproduced,https://slugfestgames.com/rdi-products/the-red-dragon-inn-7-the-tavern-crew/
Father Farai,The Red Dragon Inn 8: Pub Crawl,Main set,40,12 Brew cards,Character/deck inventory verified; full per-card text not reproduced,https://slugfestgames.com/rdi-products/rdi8/
Lucky the Scofflaw,The Red Dragon Inn 8: Pub Crawl,Main set,40,Heat tracker,Character/deck inventory verified; full per-card text not reproduced,https://slugfestgames.com/rdi-products/rdi8/
Nerodia the Petrifier,The Red Dragon Inn 8: Pub Crawl,Main set,40,15-card Boss deck,Character/deck inventory verified; full per-card text not reproduced,https://slugfestgames.com/rdi-products/rdi8/
Phyll Startusk,The Red Dragon Inn 8: Pub Crawl,Main set,40,7 Mix-In cards are part of/used with character content,Character/deck inventory verified; full per-card text not reproduced,https://slugfestgames.com/rdi-products/rdi8/
Samantha the Bookie,The Red Dragon Inn 8: Pub Crawl,Main set,40,14-card Brawlers deck + Brawl tracker,Character/deck inventory verified; full per-card text not reproduced,https://slugfestgames.com/rdi-products/rdi8/
Dale the Mycologist,The Red Dragon Inn 9: The Undercity,Main set,40,15 Mushroom cards,Character/deck inventory verified; full per-card text not reproduced,https://slugfestgames.com/rdi-products/the-red-dragon-inn-9/
Jett the Courier,The Red Dragon Inn 9: The Undercity,Main set,40,Momentum tracker,Character/deck inventory verified; full per-card text not reproduced,https://slugfestgames.com/rdi-products/the-red-dragon-inn-9/
Petra the Devious,The Red Dragon Inn 9: The Undercity,Main set,40,15-card Boss deck + Hellfire tracker,Character/deck inventory verified; full per-card text not reproduced,https://slugfestgames.com/rdi-products/the-red-dragon-inn-9/
Doctor Terci,The Red Dragon Inn 9: The Undercity,Main set,40,14 Patient cards,Character/deck inventory verified; full per-card text not reproduced,https://slugfestgames.com/rdi-products/the-red-dragon-inn-9/
Beastsergeant Ygella,The Red Dragon Inn 9: The Undercity,Main set,40,,Character/deck inventory verified; full per-card text not reproduced,https://slugfestgames.com/rdi-products/the-red-dragon-inn-9/
Trapmaster Alaric,The Red Dragon Inn 10,Main set,40,,Character/deck inventory verified; full per-card text not reproduced,https://slugfestgames.com/rdi-products/the-red-dragon-inn-10/
Karl Bookhammer,The Red Dragon Inn 10,Main set,40,4 Buff tokens,Character/deck inventory verified; full per-card text not reproduced,https://slugfestgames.com/rdi-products/the-red-dragon-inn-10/
Dominique the Resourceful,The Red Dragon Inn 10,Main set,40,4 Energy tokens,Character/deck inventory verified; full per-card text not reproduced,https://slugfestgames.com/rdi-products/the-red-dragon-inn-10/
Eisinder the Frozen Flame,The Red Dragon Inn 10,Main set,40,4 Fire + 4 Ice tokens,Character/deck inventory verified; full per-card text not reproduced,https://slugfestgames.com/rdi-products/the-red-dragon-inn-10/
"Oozwald, “Normal” Adventurer",The Red Dragon Inn 10,Main set,40,4 Clone meeples,Character/deck inventory verified; full per-card text not reproduced,https://slugfestgames.com/rdi-products/the-red-dragon-inn-10/
Dark Priestess Valeria,The Red Dragon Inn 10,Main set,40,15-card Boss deck + 10 Corruption tokens,Character/deck inventory verified; full per-card text not reproduced,https://slugfestgames.com/rdi-products/the-red-dragon-inn-10/
Pooky the Vicious,The Red Dragon Inn: Allies – Pooky,Allies,40,See character-specific rules for special deck/tokens,Character/deck inventory verified; full per-card text not reproduced,https://slugfestgames.com/rdi-rules/
Erin the Ever-Changing,The Red Dragon Inn: Allies – Erin the Ever-Changing,Allies,40,See character-specific rules for special deck/tokens,Character/deck inventory verified; full per-card text not reproduced,https://slugfestgames.com/rdi-rules/
Cormac the Mighty,The Red Dragon Inn: Allies – Cormac the Mighty,Allies,40,See character-specific rules for special deck/tokens,Character/deck inventory verified; full per-card text not reproduced,https://slugfestgames.com/rdi-rules/
Witchdoctor Natyli,The Red Dragon Inn: Allies – Witchdoctor Natyli,Allies,40,See character-specific rules for special deck/tokens,Character/deck inventory verified; full per-card text not reproduced,https://slugfestgames.com/rdi-rules/
Ozrik the Adept,The Red Dragon Inn: Allies – Ozrik the Adept,Allies,40,See character-specific rules for special deck/tokens,Character/deck inventory verified; full per-card text not reproduced,https://slugfestgames.com/rdi-rules/
Brother Bastian,The Red Dragon Inn: Allies – Brother Bastian,Allies,40,See character-specific rules for special deck/tokens,Character/deck inventory verified; full per-card text not reproduced,https://slugfestgames.com/rdi-rules/
Wrench,The Red Dragon Inn: Allies – Wrench,Allies,40,See character-specific rules for special deck/tokens,Character/deck inventory verified; full per-card text not reproduced,https://slugfestgames.com/rdi-rules/
Zariah the Summoner,The Red Dragon Inn: Allies – Zariah the Summoner,Allies,40,See character-specific rules for special deck/tokens,Character/deck inventory verified; full per-card text not reproduced,https://slugfestgames.com/rdi-rules/
Halden the Unhinged,The Red Dragon Inn: Allies – Halden the Unhinged,Allies,40,See character-specific rules for special deck/tokens,Character/deck inventory verified; full per-card text not reproduced,https://slugfestgames.com/rdi-rules/
Keet the Treasure Hunter,The Red Dragon Inn: Allies – Keet and Nitrel,Allies,40,18-card Artifact deck,Character/deck inventory verified; full per-card text not reproduced,https://slugfestgames.com/rdi-products/keet-and-nitrel/
Nitrel the Sapper,The Red Dragon Inn: Allies – Keet and Nitrel,Allies,40,18-card Bomb deck,Character/deck inventory verified; full per-card text not reproduced,https://slugfestgames.com/rdi-products/keet-and-nitrel/
"The Magnificent Adonis, Bard of the Ages",The Red Dragon Inn: Allies – Adonis vs. the Lich King,Allies,40,3 Instrument tokens,Character/deck inventory verified; full per-card text not reproduced,https://slugfestgames.com/rdi-products/adonis-vs-the-lich-king/
The Lich King,The Red Dragon Inn: Allies – Adonis vs. the Lich King,Allies,40,15-card Boss deck + 5 Skeletal Finger tokens,Character/deck inventory verified; full per-card text not reproduced,https://slugfestgames.com/rdi-products/adonis-vs-the-lich-king/
Spyke,The Red Dragon Inn: Allies – Spyke and Flower,Allies,40,Shared 24-card Treasure deck; set also introduces Otto,Character/deck inventory verified; full per-card text not reproduced,https://slugfestgames.com/rdi-products/spyke-and-flower/
Flower,The Red Dragon Inn: Allies – Spyke and Flower,Allies,40,Shared 24-card Treasure deck; set also introduces Otto,Character/deck inventory verified; full per-card text not reproduced,https://slugfestgames.com/rdi-products/spyke-and-flower/
Ohava the Grand Cleric,The Red Dragon Inn: Allies – Ohava vs. Murgath,Allies,40,4 Deity cards,Character/deck inventory verified; full per-card text not reproduced,https://slugfestgames.com/rdi-products/ohava-vs-murgath/
Murgath the Blessed,The Red Dragon Inn: Allies – Ohava vs. Murgath,Allies,40,18-card Blessing deck + 15-card Boss deck,Character/deck inventory verified; full per-card text not reproduced,https://slugfestgames.com/rdi-products/ohava-vs-murgath/
"Piper, Eagle-Eyed Sniper",The Red Dragon Inn: Allies – Piper vs. Ripsnarl,Allies,40,See official character rules for side deck/tokens,Character/deck inventory verified; full per-card text not reproduced,https://slugfestgames.com/rdi-rules/
"Ripsnarl, Bad Dog",The Red Dragon Inn: Allies – Piper vs. Ripsnarl,Allies,40,See official character rules for side deck/tokens,Character/deck inventory verified; full per-card text not reproduced,https://slugfestgames.com/rdi-rules/
Evil Pooky,The Red Dragon Inn: Allies – Evil Pooky,Allies,40,Includes Epic Pooky / Boss Battle-related content; see official rules,Character/deck inventory verified; full per-card text not reproduced,https://slugfestgames.com/rdi-rules/
"Melvyn, Collegium Archivist",The Red Dragon Inn: Allies – Melvyn vs. Marah,Allies,40,See official character rules,Character/deck inventory verified; full per-card text not reproduced,https://slugfestgames.com/rdi-rules/
Marah the Maledictor,The Red Dragon Inn: Allies – Melvyn vs. Marah,Allies,40,See official character rules,Character/deck inventory verified; full per-card text not reproduced,https://slugfestgames.com/rdi-rules/
Master of Ceremonies Jin,The Red Dragon Inn: Allies – Jin vs. Greppa,Allies,40,See official character rules,Character/deck inventory verified; full per-card text not reproduced,https://slugfestgames.com/rdi-rules/
"Greppa, Vicious Mocker",The Red Dragon Inn: Allies – Jin vs. Greppa,Allies,40,See official character rules,Character/deck inventory verified; full per-card text not reproduced,https://slugfestgames.com/rdi-rules/
Chronos the Time Mage,Battle for Greyport bonus character,Bonus/Promo,40,RDI character deck included with Battle for Greyport,Character/deck inventory verified; full per-card text not reproduced,https://slugfestgames.com/the-red-dragon-inn-battle-for-greyport/
"Roxana, Adventurous Chef",The Red Dragon Inn Smorgasbox,Bonus/Promo,40,12-card Recipe deck,Character/deck inventory verified; full per-card text not reproduced,https://slugfestgames.com/the-red-dragon-inn-smorgasbox/
Dabarella Yeetster,The Red Dragon Inn: Adventure is Nigh!,Licensed crossover,40,See official Adventure is Nigh! rules,Character/deck inventory verified; full per-card text not reproduced,https://slugfestgames.com/rdi-rules/
Grinderbin,The Red Dragon Inn: Adventure is Nigh!,Licensed crossover,40,See official Adventure is Nigh! rules,Character/deck inventory verified; full per-card text not reproduced,https://slugfestgames.com/rdi-rules/
Mortimer Rafflesworth Everwind-Smythe,The Red Dragon Inn: Adventure is Nigh!,Licensed crossover,40,See official Adventure is Nigh! rules,Character/deck inventory verified; full per-card text not reproduced,https://slugfestgames.com/rdi-rules/
Sigmar Iceblood,The Red Dragon Inn: Adventure is Nigh!,Licensed crossover,40,See official Adventure is Nigh! rules,Character/deck inventory verified; full per-card text not reproduced,https://slugfestgames.com/rdi-rules/
Moped Crimbysin,The Red Dragon Inn: Adventure is Nigh! Extras Pack,Licensed crossover,40,Extras Pack also includes GM Event Deck + Prize Variant rules,Character/deck inventory verified; full per-card text not reproduced,https://slugfestgames.com/rdi-characters/moped-crimbysin/
"Baelfire, Summoner of Shadows",SlugCrew Major Reward,Promo,40,Villain; current Character Compendium v1.8 adds Baelfire,Character/deck inventory verified; full per-card text not reproduced,https://boardgamegeek.com/filepage/228891/the-red-dragon-inn-character-compendium
